[
  {
    "name": "Garage République",
    "region": "Île-de-France",
    "city": "Paris",
    "address": "10 Rue de la Paix, 75002 Paris",
    "lat": 48.8686,
    "lng": 2.3311
  },
  {
    "name": "Auto Courbevoie",
    "region": "Île-de-France",
    "city": "Courbevoie",
    "address": "20 Av. Gambetta, 92400 Courbevoie",
    "lat": 48.8967,
    "lng": 2.253
  },
  {
    "name": "Lille Auto Service",
    "region": "Hauts-de-France",
    "city": "Lille",
    "address": "5 Rue de Gand, 59800 Lille",
    "lat": 50.6412,
    "lng": 3.0631
  },
  {
    "name": "Garage Amiens Nord",
    "region": "Hauts-de-France",
    "city": "Amiens",
    "address": "3 Rue des Jacobins, 80000 Amiens",
    "lat": 49.8951,
    "lng": 2.3023
  },
  {
    "name": "Lyon Mécanique",
    "region": "Auvergne-Rhône-Alpes",
    "city": "Lyon",
    "address": "15 Cours Vitton, 69006 Lyon",
    "lat": 45.7686,
    "lng": 4.8568
  },
  {
    "name": "Grenoble AutoTech",
    "region": "Auvergne-Rhône-Alpes",
    "city": "Grenoble",
    "address": "8 Rue Félix Poulat, 38000 Grenoble",
    "lat": 45.1876,
    "lng": 5.7266
  },
  {
    "name": "Nice Côte d’Azur Auto",
    "region": "Provence-Alpes-Côte d'Azur",
    "city": "Nice",
    "address": "2 Prom. des Anglais, 06000 Nice",
    "lat": 43.6952,
    "lng": 7.2656
  },
  {
    "name": "Marseille Vieux-Port Garage",
    "region": "Provence-Alpes-Côte d'Azur",
    "city": "Marseille",
    "address": "Quai du Port, 13002 Marseille",
    "lat": 43.2965,
    "lng": 5.3698
  },
  {
    "name": "Toulouse Meca Sud",
    "region": "Occitanie",
    "city": "Toulouse",
    "address": "12 Rue d'Alsace Lorraine, 31000 Toulouse",
    "lat": 43.6047,
    "lng": 1.4442
  },
  {
    "name": "Montpellier Service Auto",
    "region": "Occitanie",
    "city": "Montpellier",
    "address": "Pl. de la Comédie, 34000 Montpellier",
    "lat": 43.6119,
    "lng": 3.8772
  },
  {
    "name": "Rennes Armor Garage",
    "region": "Bretagne",
    "city": "Rennes",
    "address": "Pl. Sainte-Anne, 35000 Rennes",
    "lat": 48.1147,
    "lng": -1.68
  },
  {
    "name": "Brest Océan Auto",
    "region": "Bretagne",
    "city": "Brest",
    "address": "Rue de Siam, 29200 Brest",
    "lat": 48.3904,
    "lng": -4.4861
  },
  {
    "name": "Bordeaux Gironde Auto",
    "region": "Nouvelle-Aquitaine",
    "city": "Bordeaux",
    "address": "Allées de Tourny, 33000 Bordeaux",
    "lat": 44.8427,
    "lng": -0.5792
  },
  {
    "name": "Nantes Atlantique Garage",
    "region": "Pays de la Loire",
    "city": "Nantes",
    "address": "Cours des 50 Otages, 44000 Nantes",
    "lat": 47.2186,
    "lng": -1.5536
  },
  {
    "name": "Strasbourg Est Auto",
    "region": "Grand Est",
    "city": "Strasbourg",
    "address": "Pl. Kléber, 67000 Strasbourg",
    "lat": 48.5839,
    "lng": 7.7455
  },
  {
    "name": "Dijon Bourgogne Garage",
    "region": "Bourgogne-Franche-Comté",
    "city": "Dijon",
    "address": "Pl. de la Libération, 21000 Dijon",
    "lat": 47.322,
    "lng": 5.0415
  },
  {
    "name": "Mon Specialiste Auto",
    "region": "Bourgogne-Franche-Comté",
    "city": "Courbevoie",
    "address": "47 Avenue de l'Europe, 92400 Courbevoie",
    "lat": 47.322,
    "lng": 5.0415
  }
]